Actual Temperature,Predicted Temperature,Actual Dew Point,Predicted Dew Point,Actual Humidity,Predicted Humidity,Actual Sea Level Pressure,Predicted Sea Level Pressure,Actual Visibility,Predicted Visibility,Actual Wind Speed,Predicted Wind Speed
71.0,66.89278690277207,70.0,54.01074148848848,90.0,66.86764133364889,29.73,29.894217062787362,4.0,9.274246118907536,8.0,4.5307172876833235
82.0,84.20736754763863,71.0,72.90738244864629,73.0,71.51808626588455,29.96,29.978456784504203,10.0,9.515234947653347,3.0,4.456890695261484
89.0,87.76332293285844,68.0,71.5989767755349,58.0,64.9505930215148,30.0,29.89177451002404,10.0,9.709618536900717,2.0,5.234831251253679
59.0,51.92617808268368,45.0,37.087933524116124,70.0,64.714765637462,30.05,30.206250419943718,5.0,8.24546259835795,4.0,4.793747118902297
81.0,82.40169905960082,72.0,71.44568988081183,75.0,73.11954969846832,30.0,30.115667643437636,7.0,8.898247836034017,3.0,4.102252428874733
74.0,66.4352948292758,65.0,52.96046737143145,79.0,66.19145348316319,29.89,29.92408447234099,10.0,9.26983522769441,7.0,4.9375295831605275
84.0,80.35661100277208,73.0,71.70654499627922,73.0,76.96360402807296,30.1,29.995742769153775,10.0,8.91352937363104,5.0,5.4164532424366385
88.0,86.8624640993741,72.0,71.50167719587476,63.0,66.12680512179092,30.02,29.90193037073498,10.0,9.658138707460168,7.0,5.246248794135415
61.0,50.61419704496417,51.0,40.14151304127097,69.0,69.18907661742838,30.08,30.298783500652817,9.0,8.689097899716876,3.0,4.772785122610832
67.0,73.21216432311041,65.0,62.62643078386891,91.0,74.14833245551236,30.14,29.99039256785147,8.0,8.238693030065603,5.0,5.314661125707868
84.0,79.00316588840066,72.0,68.93407089053979,73.0,73.86040277628129,29.96,30.01021959651951,9.0,9.102616205257554,4.0,4.050695411554085
84.0,77.49736599490915,72.0,67.05083974346992,72.0,73.12638176925022,30.0,29.950977221246116,9.0,8.643241819643496,4.0,4.874776589376592
66.0,63.86279543863023,53.0,43.784451887139554,66.0,55.04658783857225,29.95,29.95061792499185,10.0,9.545019550160593,5.0,5.076034067498533
71.0,70.9528193023427,61.0,62.88092989021551,74.0,76.99587478922736,29.99,30.129022202578952,10.0,8.550867542985824,4.0,4.455172388626474
60.0,73.71555745564919,27.0,63.04226381816467,51.0,71.33377244611711,30.38,30.10517334663062,10.0,9.038896701886713,9.0,4.312806193545157
79.0,80.40374971216177,73.0,70.04834544521155,76.0,75.10699390556489,29.84,29.899962553832363,8.0,8.588745133784037,7.0,5.841224185098466
79.0,76.76976192892135,71.0,65.06298187159247,78.0,74.63452593280549,30.03,29.894398469791444,8.0,7.991348576036934,6.0,5.4448330603676345
73.0,74.783564164805,61.0,61.08190293535675,73.0,69.03233200476734,30.09,29.943910781387654,9.0,8.703057467129987,5.0,5.627486006176361
89.0,85.69486250459686,72.0,67.31978033146954,61.0,61.63748148868599,29.73,29.709287358208773,10.0,9.641547386889046,8.0,5.996648835412524
70.0,73.51100219336344,48.0,50.86902167423314,51.0,52.18586626076591,30.12,29.986352737615043,10.0,9.787777544651355,4.0,5.576361739915778
66.0,54.25443377852379,51.0,40.72707510402542,66.0,63.5245322858289,29.94,30.047336415699174,10.0,9.132817206481565,4.0,4.669620519339631
71.0,68.38305514594704,69.0,59.226699670093794,91.0,72.88153633966519,30.1,30.036143818967936,8.0,9.106147394495622,7.0,5.090950756091307
87.0,87.91206695519925,71.0,74.08328119660042,66.0,68.37001377963715,30.01,29.936205568320716,10.0,9.691584187812005,3.0,4.457401662206548
89.0,89.09237854837886,67.0,70.02564420752675,54.0,60.730213856828904,29.97,29.922131506209464,10.0,9.85248799125932,5.0,5.59060296263457
76.0,65.9903710913229,65.0,50.83834394819611,73.0,63.62919587923933,29.58,29.86910294825852,10.0,9.378771348896294,7.0,4.462978022824153
83.0,83.14228911660636,66.0,64.78258886607985,60.0,60.59241577280464,29.9,29.885329400174005,10.0,9.8449298120157,4.0,4.226564803334276
72.0,71.52841637939471,55.0,58.46033534511774,63.0,69.12047564609978,30.06,29.963035564913497,10.0,8.668958698504927,4.0,5.1467200700083415
80.0,75.43747749372275,70.0,63.538475740789934,73.0,71.36491128061428,29.88,29.82641573278818,7.0,8.861422553104761,3.0,6.0804944150467986
87.0,84.39639666891368,71.0,66.7878989952621,64.0,62.13974095983234,29.94,29.88231239916002,10.0,9.687986507737033,4.0,5.545020813926874
63.0,64.69732296613486,58.0,50.441470341595945,80.0,63.63082699732547,30.02,30.242588991567708,10.0,9.487393973746354,5.0,3.9731690915495115
62.0,64.12126300213556,34.0,47.23257605667928,38.0,64.02965827510378,29.75,29.593405554042835,10.0,8.257315332700415,11.0,5.4344583747518325
89.0,85.98113308085713,71.0,67.60617424139885,61.0,62.91152034766006,29.99,29.797060603436577,10.0,9.30651853697677,6.0,6.492489100477305
78.0,70.32959871724351,69.0,62.07328804248537,79.0,78.31258104105319,29.9,29.70947831231167,6.0,8.273825134450739,5.0,5.799415627741503
64.0,72.64998030797096,61.0,62.086896646969095,89.0,74.11719091183953,30.09,29.92053633451543,6.0,8.546771171015372,4.0,5.293151980185311
52.0,53.57590881566511,49.0,40.34786486467446,88.0,65.44176028866886,30.09,29.99177261556262,3.0,8.715847840335794,4.0,5.179041962943368
86.0,84.29105861212017,69.0,71.10045765483629,63.0,69.33424623487565,29.9,29.934409723000297,10.0,9.610637201648741,6.0,4.435232569077492
76.0,73.73757221757687,67.0,59.10073782836464,78.0,67.97549136001076,29.8,29.82984195767603,9.0,8.609850601621691,9.0,6.451262727345772
57.0,40.10544718354087,47.0,24.333989285869265,69.0,57.01352933806656,30.3,30.689590619258837,10.0,9.331395110874123,5.0,3.844031271678025
63.0,58.42134431535531,45.0,47.65499377837794,61.0,69.57745801004656,30.05,29.904397576826984,10.0,8.868425370351918,5.0,6.15679980485323
84.0,82.5457861820451,72.0,71.92599742428716,75.0,72.53476092020595,29.97,30.032170119174108,9.0,9.179106381310959,5.0,4.050406137272179
68.0,68.7876649790546,50.0,52.48603579271638,56.0,62.361536484081824,30.23,30.05081041760814,10.0,9.462922381077384,4.0,5.3157373901342355
76.0,66.28872818397802,66.0,57.92712399175055,76.0,78.02171395458073,29.94,30.14143426212852,10.0,7.797626623032258,9.0,4.9143469786625555
70.0,71.61517185722259,45.0,44.79524693819907,46.0,46.12688524724182,30.19,30.230523745554027,10.0,10.225887925214487,4.0,4.168630797310653
89.0,87.82028495003304,68.0,68.95717565491556,52.0,61.56958677629958,29.93,29.80953643850161,10.0,9.833900779120903,4.0,5.191691717644545
53.0,41.016840721485714,41.0,30.684701397439525,68.0,71.15938305290211,29.95,30.224865119482494,6.0,7.475897672775698,2.0,5.222378854133106
71.0,71.54518535994052,58.0,55.11505032269507,67.0,61.88371273979455,29.98,30.006272147009888,10.0,9.574283112246011,6.0,4.490562259574539
74.0,62.9138885116152,56.0,45.131570520005525,57.0,58.2449247653075,29.95,29.939325846929602,10.0,9.400441537228929,4.0,5.12140423963499
64.0,66.40054912426436,45.0,48.66977517657892,57.0,57.85671800954155,30.17,30.261687717475652,10.0,9.697850574496304,2.0,3.8635091440783347
35.0,47.55433267115838,29.0,34.93517189985248,80.0,68.51566534763332,30.24,30.062805396685953,5.0,8.182674284224262,9.0,6.504829360121554
45.0,50.462202174230036,27.0,38.60004073897365,59.0,71.15275761207641,30.25,29.921338020769724,10.0,8.142858817661361,7.0,6.637391639078655
34.0,47.43696094117566,29.0,39.628397572421605,87.0,74.06564969344532,30.45,30.13528329317031,7.0,8.016424084368534,9.0,5.721062114611148
62.0,62.684331781249526,51.0,57.81542696987522,69.0,78.9567233546745,30.31,30.296103064124292,10.0,8.943544154802623,2.0,4.701947864250638
87.0,83.68979179162609,69.0,71.32787666748182,60.0,70.31067515917474,29.92,29.874495394006598,10.0,9.485510269135887,5.0,4.863625262760008
71.0,66.48780759404045,56.0,47.93819456832112,67.0,58.572802339394016,30.06,30.03921632706045,10.0,9.591567104492826,8.0,4.783887147834603
74.0,68.63083766747083,63.0,55.9583102050391,70.0,68.26935963811187,30.04,29.84696214839699,10.0,9.099042758072493,8.0,6.293023549906021
89.0,87.81390147665194,69.0,69.53633065620586,58.0,62.24812763558458,29.96,29.851547390637386,10.0,9.815735300012062,4.0,5.197405851639701
63.0,79.97094724294362,60.0,66.2609122869335,92.0,67.5163094778863,30.19,29.975678738255276,5.0,9.151214406016814,5.0,5.177415333686704
67.0,54.363552623743814,52.0,47.64867810435716,63.0,76.3991998025246,29.7,30.020650818236124,10.0,8.44409000133988,5.0,5.012531979866176
65.0,69.60568453692773,56.0,63.726422097660915,74.0,78.90603948539382,29.88,29.9911897858656,10.0,9.031405843599854,4.0,4.413628216917013
65.0,58.531489609566364,57.0,45.80953309907828,75.0,64.66034359436115,30.02,30.266767774234253,10.0,9.273259468576484,7.0,4.307591140359806
79.0,73.35809256266982,68.0,58.48242970642919,71.0,63.95044534439326,30.06,30.070390665887963,10.0,9.53410496041933,8.0,4.541280572462223
77.0,74.86935414189465,68.0,62.98854908433712,76.0,73.03627731125785,29.89,29.953293609178612,9.0,8.072901913222013,5.0,4.510907696600129
84.0,82.52543928126353,71.0,67.82281706814844,71.0,66.50439163582008,29.93,29.773023598676335,10.0,9.463620718177454,5.0,5.6141360289425215
68.0,58.39181579382381,37.0,41.23145311990642,36.0,59.30427899504459,30.12,30.308873361032916,10.0,9.592325565307426,5.0,3.8146115115863943
64.0,61.54408039009826,56.0,53.52425062073344,78.0,79.86981218190776,29.97,30.064711213850266,9.0,6.972447158579451,1.0,5.38935483598207
44.0,46.377405728001364,30.0,29.887469085926355,61.0,58.47142630715557,30.28,30.251580588756518,10.0,9.130224669925344,3.0,5.717173674787073
74.0,74.34095035418585,61.0,59.17106518783966,67.0,64.32201065804364,29.89,29.960286501716958,10.0,9.530280214813278,6.0,4.587250986231997
78.0,72.76230577684922,66.0,56.557418626545385,73.0,65.56290436794708,29.83,29.7549209473675,9.0,8.65273108608843,5.0,6.3948740024982325
84.0,86.75321739795818,69.0,71.3830881270771,67.0,66.70213107019947,29.93,29.990612976528748,9.0,9.446155157008914,3.0,4.442806089526734
54.0,70.97300711464068,42.0,58.52821856682063,69.0,68.31971305828965,30.31,29.94913872146717,10.0,9.197700207757652,6.0,5.887176667705068
73.0,64.0536370974488,50.0,47.73482954888358,53.0,61.383929959417074,29.97,30.01326571461792,10.0,9.37676847195913,7.0,5.218226972032655
77.0,77.15563907287718,57.0,56.09265476425914,53.0,56.07508309547732,30.01,29.979864110054915,10.0,9.901948797947526,5.0,4.473775555992438
70.0,74.78501960806918,50.0,53.4883279015868,58.0,55.90775393677768,29.72,29.468476975241384,10.0,9.505287043060545,7.0,6.155302890387475
92.0,89.73434924034933,64.0,68.19926279999153,51.0,58.23138860903783,29.86,29.793200718606382,10.0,10.005956153516909,4.0,5.167559231304272
83.0,84.03892539337807,68.0,67.89637704810328,62.0,63.82816167693503,29.83,29.880947355666752,10.0,9.732684232794021,4.0,4.297666113647298
79.0,79.75810831621746,66.0,61.7503790566325,64.0,63.23280103233992,29.59,29.454770684570214,7.0,9.025625669353637,9.0,6.858179515284807
62.0,66.79036440047739,60.0,52.665170733777316,85.0,66.1088461447371,30.01,30.041173477959862,4.0,9.06832027801287,5.0,4.55432508402631
47.0,66.83229789277101,44.0,54.03281348753795,80.0,67.5466465218571,30.14,29.832722403272555,8.0,9.16147114752995,7.0,5.4029272360692175
84.0,86.72676493220726,73.0,69.80195462872668,74.0,63.36926359235533,29.91,29.826038922008035,8.0,9.70629497431128,3.0,5.18306897551007
69.0,61.786999219159,64.0,48.35470231797896,83.0,65.07552785636811,29.94,30.076678147386577,9.0,9.252895082432392,5.0,4.823175940862969
69.0,69.52515174688942,53.0,50.01984632319777,55.0,58.347264294849154,30.0,30.035184720709264,10.0,9.007204497823219,4.0,4.879466946833643
51.0,42.41728882782119,40.0,37.60716674671434,74.0,83.79808423924939,29.99,30.140159934500314,8.0,6.574531133252222,3.0,5.220133728590875
73.0,63.132071907406925,65.0,57.27185072584889,76.0,81.53154238314485,29.91,30.12114859832453,9.0,7.656030912538345,5.0,4.520405904202243
85.0,84.42481011325847,69.0,68.2036777630487,64.0,64.52237533703526,30.0,29.830877730040626,10.0,9.596771684611474,4.0,5.602552492410511
57.0,56.759187153506865,25.0,36.92602178941388,41.0,56.167391387593554,30.13,29.971422823951546,10.0,9.070367166431144,5.0,5.4734325071288605
64.0,64.4464176042314,42.0,51.82366426735332,50.0,67.15108100251749,30.1,29.927677461753174,10.0,9.104678983132443,5.0,5.766143478136099
40.0,43.57927959370783,33.0,29.074236973419744,74.0,64.81183408741003,30.17,29.98205136575817,6.0,8.100974938091499,6.0,7.208371302331317
87.0,88.78258583277966,66.0,72.74526555571767,62.0,64.81026745206506,29.99,29.96765232371714,10.0,9.831705390633807,4.0,4.389573122659128
51.0,57.268801588013865,39.0,47.724591210742176,70.0,74.05038595072446,30.1,30.222948665109445,10.0,8.095417065849901,4.0,4.653755959502412
86.0,86.41440597245479,68.0,70.63554603900157,60.0,64.92612848690233,29.97,29.980131015984227,10.0,9.743611119165902,6.0,4.777522092699598
84.0,82.20857985638666,72.0,69.73000522428863,72.0,70.45425358751685,29.99,29.88032799501493,9.0,9.343420494825136,8.0,6.120289139008971
43.0,43.796375392363615,23.0,26.40940414456874,51.0,56.75728256184303,30.48,30.380426597055745,10.0,9.282897579335152,2.0,4.796664504924904
84.0,83.92061575765298,73.0,71.20121881275354,72.0,71.64384993202103,29.92,29.96572159141227,8.0,8.625670067578906,3.0,4.145898492200619
76.0,74.20400723041614,73.0,64.52541818043885,91.0,76.9191937769639,29.89,29.90232507712711,7.0,8.09536606446275,6.0,6.26448675962891
85.0,85.44201908254752,71.0,71.8246256101301,65.0,67.61033930918151,30.14,30.021819145099403,10.0,9.622614864071718,4.0,4.801521582316319
49.0,37.24833127012268,34.0,31.766321452508592,64.0,77.17502061977257,29.94,30.29217849582372,8.0,7.954145763458332,3.0,4.385630461847663
72.0,73.48747219279475,49.0,52.880213795422335,50.0,55.48207530693554,29.94,30.083201649724792,10.0,9.945181381656553,4.0,3.5389295100006377
78.0,78.71660975228686,41.0,53.81517595522941,36.0,52.25589202355165,30.03,29.858585857041874,10.0,10.063486913023013,3.0,4.896811644700817
72.0,62.12621464529141,54.0,45.86179171485843,55.0,61.486639784338365,29.81,29.835881409051197,10.0,9.280369173881517,5.0,5.20709769441617
73.0,73.61918320835827,62.0,60.01422211325034,74.0,66.38409213580607,30.1,30.1187977257113,10.0,9.585166326845526,3.0,3.7625535828382906
62.0,69.14427610939704,54.0,61.22416338876958,71.0,76.52775791620536,30.11,29.912115556278632,9.0,8.679319044080998,3.0,5.241882406528918
74.0,68.28019059105647,64.0,55.83980657196675,73.0,68.62365921789419,29.9,29.903870914282454,10.0,9.14979819268607,8.0,5.872719350578112
29.0,51.263709638987166,15.0,38.29484695784312,55.0,65.21372978440706,30.31,29.98251311908118,10.0,9.096227459581518,10.0,4.274238322470389
88.0,87.10386314751679,73.0,68.81244273211034,66.0,62.19316927952258,29.91,29.75475965229981,10.0,9.632868591928197,8.0,6.454035721945283
56.0,60.21675087612671,45.0,49.55164551681169,70.0,68.84144529025853,30.31,30.33984582009495,8.0,9.271321353351201,1.0,4.014456535601478
55.0,56.07687999806999,40.0,46.83627322628644,65.0,71.11965563929029,30.18,30.10585320178434,10.0,9.097404043701731,3.0,3.605780416441874
65.0,55.313029459550656,56.0,41.53986788337296,72.0,63.249951343544296,29.92,30.249175207825637,10.0,9.23980213077937,9.0,4.669532253668035
55.0,59.65326635165967,59.0,51.58574395494604,80.0,76.04186765136166,29.78,29.945709320170483,6.0,8.232762230282987,6.0,5.131330093679507
68.0,68.89572556295575,53.0,49.16311442104505,63.0,57.112457487289554,30.09,30.080364472690295,10.0,9.7520206305987,5.0,4.368820364352514
81.0,80.5756461884295,67.0,68.60820984256411,71.0,70.61111089809701,29.94,29.945619242089656,10.0,9.494200677545248,4.0,4.401922651622378
81.0,83.00408080546386,73.0,72.25204648538268,78.0,73.05869639599567,29.88,29.931622627813148,7.0,9.116946348202678,2.0,4.511177341076938
42.0,55.886137673845965,29.0,34.90827906363096,64.0,53.43250925866414,30.47,30.11073289718331,8.0,9.643484335474861,9.0,4.097394808137062
84.0,86.60318526979655,72.0,68.05659171037588,72.0,61.64943710168564,29.92,29.63900197739601,10.0,9.638412730661745,4.0,6.017919518135432
77.0,73.85692146204522,69.0,62.867766212147686,81.0,72.04939244704634,30.0,29.986207567866003,10.0,9.027222724151983,4.0,4.366688382910687
74.0,71.00603395557953,65.0,62.42289950401603,74.0,76.42011331964898,29.94,29.927001932122575,10.0,8.665668151424029,9.0,6.126231589443843
52.0,57.74506600688452,26.0,30.20538522300295,35.0,44.4177316971392,30.26,29.96514142867122,10.0,9.659888103211097,4.0,6.917417323983129
76.0,78.17825033383738,65.0,65.80693661402297,70.0,68.49658993042735,30.03,30.080212685283474,10.0,9.563892153524307,2.0,3.8647564438972486
45.0,51.585027998457214,35.0,46.84928922289704,77.0,83.44064354074587,30.38,30.228789538125984,10.0,7.195332862157349,7.0,4.0224046202964985
83.0,83.62376536146886,73.0,70.7299733200414,75.0,69.80241248420026,29.99,29.88296230760565,10.0,9.429923233170458,1.0,5.702026303723307
39.0,51.72303800201637,25.0,47.414264846933705,61.0,84.39531291463186,30.45,29.963505740185603,9.0,6.547818477196191,10.0,5.76253451252752
68.0,79.5467507307125,61.0,67.3642387985998,83.0,70.74693721708148,30.03,29.82058116333638,8.0,9.359246575090628,7.0,5.252784189306682
64.0,64.88420461579882,47.0,49.44078242985573,60.0,63.00466273126666,30.25,30.206746209736124,10.0,9.555799599882508,6.0,3.996571422019574
73.0,70.68230919768068,66.0,55.11830008828143,76.0,63.74676444922221,29.88,29.92487607054508,6.0,9.101926699584311,4.0,4.97310860234896
57.0,53.8746700424367,40.0,31.939401258216563,56.0,50.29864560332298,30.06,30.293887417536403,10.0,9.719187602113777,7.0,3.95800843847543
67.0,75.61137375779202,55.0,61.89474154989229,67.0,68.15299033196891,30.04,29.883120995532483,10.0,8.76990860524585,6.0,4.757483415482989
91.0,85.68675113087545,73.0,67.79293818360124,64.0,62.84411053274611,29.96,29.742293286697063,10.0,9.54379240383857,8.0,6.873419239048898
79.0,77.25559593449866,66.0,66.13250041360256,70.0,70.344144089244,29.96,30.05372307403391,10.0,9.47365924702047,2.0,3.890853575317742
81.0,79.7847532959361,65.0,60.630559337809544,64.0,58.970631274491,29.88,29.825569822220206,10.0,9.771256746928469,2.0,4.568321909794166
92.0,89.18677491957844,73.0,72.51423161457235,64.0,65.33466725677802,29.93,29.763599220705604,10.0,9.674935865256781,5.0,5.716840140854623
87.0,86.720580070045,74.0,70.29464893361468,67.0,64.57679248650851,29.95,29.868876903508358,9.0,9.61111344100511,6.0,6.058718697328494
88.0,84.77738370123198,70.0,68.34171784887731,62.0,64.16897560734597,29.95,29.783801017167193,10.0,9.548589699742202,7.0,6.02173600992047
49.0,44.916556222697466,45.0,37.31803727732962,92.0,74.65585698717065,30.13,30.416118015575837,5.0,7.624858032608621,2.0,3.6265536815945145
50.0,52.36106224689455,42.0,44.89532907717121,78.0,73.60674874694399,30.31,30.189396861410124,7.0,8.893506335524988,5.0,4.444758175351334
54.0,66.09234608968609,50.0,55.89927268592193,76.0,71.46643807124973,29.73,29.87479452918051,8.0,9.117842797342444,9.0,4.6278390104548155
58.0,56.19555386787153,46.0,50.20653655365943,69.0,76.44270763154208,30.32,30.318436589295192,10.0,8.920308735071075,3.0,4.5549175430580044
82.0,86.04304378852028,72.0,72.1585725857055,78.0,67.81847869778596,30.04,29.982275741943152,8.0,9.682833511939497,3.0,4.410299841510248
79.0,70.70519734007091,69.0,60.78108362425603,76.0,73.27306693746276,29.77,29.78852288377657,10.0,9.055462817902853,7.0,5.599833737504914
69.0,67.19836285527428,45.0,48.97412871649469,48.0,61.37363298143528,29.86,29.867235548655334,10.0,9.501030264767802,3.0,5.339118270387146
48.0,50.44586172492217,33.0,36.06851403523093,61.0,61.485889699223776,30.29,30.389182307717295,10.0,9.391000532517074,2.0,3.2872534697981326
90.0,83.37650909484547,0.0,-11.88819359627567,0.0,51.451206973887864,0.0,0.08560972508595666,0.0,0.2063059087438761,0.0,9.784752690442637
89.0,85.76494056909125,72.0,67.8702958880203,62.0,62.67653189871476,29.8,29.721311579998336,10.0,9.625265268145759,6.0,6.025942018636593
86.0,85.34216149755032,71.0,69.67593576529585,66.0,65.22007061006434,29.93,29.881259725459913,10.0,9.596059147229779,5.0,5.620571854584973
54.0,61.04983270448286,37.0,44.61454257025012,61.0,61.8566000629115,29.96,29.80728390637925,10.0,9.409625760922191,5.0,3.9584018715244924
88.0,87.23129583304583,71.0,70.59687855597376,62.0,63.914795470378394,30.0,29.961460702935906,10.0,9.705897735066344,7.0,5.61694381568402
70.0,66.16962574812577,62.0,53.16206818561433,76.0,68.81549304740615,29.83,29.956099788746794,9.0,8.752981609786373,11.0,6.736147860076174
83.0,83.19412629691621,73.0,71.25833703851156,78.0,70.47654307270993,30.12,30.031532861997164,10.0,9.465776727798254,3.0,5.261615825525738
87.0,85.36203055184554,69.0,69.23353593329979,62.0,64.54782870143075,30.05,29.908073144408377,10.0,9.63223877454876,3.0,5.607012947864165
84.0,81.86568232951139,70.0,69.2147421104229,72.0,69.09859621989969,30.03,30.07519567573394,8.0,9.546394067258344,5.0,4.788395671709544
83.0,91.57726677457019,0.0,51.67678675307276,0.0,61.647715545542724,29.9,29.439717874479733,0.0,7.813171878618668,9.0,6.7050537550874765
65.0,55.539080351559235,42.0,30.813248318112812,49.0,47.404664274353216,29.74,29.918256648268294,10.0,9.671342584490123,8.0,4.815039620939422
78.0,71.85520477123704,62.0,57.79238925935839,63.0,66.45326204751882,29.82,29.769155219464004,10.0,9.233890669631062,5.0,5.884613854461531
84.0,82.29704929440436,67.0,68.79237554111135,60.0,67.8963774466149,29.89,29.93563014498991,10.0,9.59013007657218,3.0,4.357749880265894
66.0,66.34961259546328,43.0,50.6457949981244,49.0,62.51943743466784,30.09,29.690077389372863,10.0,9.066799384670457,5.0,6.9704343547519105
42.0,57.41919436531982,39.0,52.25952650153458,91.0,82.42671462765571,30.23,30.11556849210853,9.0,7.359908255475025,7.0,6.15172583721797
88.0,87.8274228514565,70.0,72.17734367021897,61.0,65.45795584639623,29.98,29.87347554341295,10.0,9.76263212312184,5.0,4.397550892108331
70.0,66.16802049646309,55.0,50.63653202406876,63.0,62.14502878082551,30.15,30.206541722829797,10.0,9.612380409914941,3.0,3.5536418526137696
87.0,87.56798080891548,68.0,68.72219585965614,55.0,61.00624795781975,29.87,29.782339022760368,10.0,9.720353246895241,7.0,6.004338339596476
80.0,73.16343977187451,73.0,59.611729504662534,82.0,68.93885805408385,29.65,29.735784498164424,7.0,8.543304864957296,7.0,6.028849152088858
78.0,75.62836265584379,73.0,67.01394811071533,80.0,75.98869705368739,30.01,29.98769422519966,8.0,8.835095813745705,6.0,5.315580778881206
72.0,80.21898253499933,34.0,51.675828619471716,36.0,48.56195782353029,29.77,29.513026095475123,10.0,10.214392460090725,7.0,4.4858846886657435
67.0,71.24181800886397,57.0,62.37426703508571,75.0,76.61278000646723,29.96,29.757487740308385,10.0,8.417761716554452,3.0,4.911338406128797
66.0,71.81094621809082,54.0,53.8889824176069,73.0,59.80192353967483,29.74,29.7871756240667,7.0,9.529667328297196,8.0,4.888186641680678
70.0,67.03749309743884,66.0,56.177763084677125,92.0,72.96321401934618,29.84,29.85828585302478,7.0,8.45833563939578,8.0,5.1900274278854015
61.0,71.90085754298997,37.0,51.49284029744264,48.0,56.965202780909735,30.12,29.87290948311341,10.0,9.620682161973253,4.0,5.695931104989656
90.0,87.98874945312669,71.0,68.91630975746058,59.0,59.97744244029447,29.9,29.83608518144988,10.0,9.795240032380782,7.0,5.54682918144874
60.0,55.44396606764042,33.0,39.01274993299835,40.0,59.19623886077223,30.22,30.297256166902255,10.0,9.494873492587285,3.0,3.7463379989473555
75.0,80.57567596136943,71.0,68.85998009337625,87.0,73.60772945459819,29.93,29.848205060779218,7.0,8.352733397338413,3.0,5.426440408052322
75.0,75.47929245139338,62.0,63.13631363223847,68.0,68.29450863641334,30.13,30.176413562384493,10.0,9.562732943988962,2.0,3.818842307889002
75.0,75.48461752996818,66.0,64.56942521776138,74.0,73.66296336900076,29.89,29.90958007581024,6.0,8.299169443724896,3.0,4.914339924617987
58.0,69.86969088893274,58.0,63.57407136366531,94.0,80.36135482882412,30.14,30.025374166552815,6.0,8.227633723733922,7.0,6.2156362773839255
50.0,51.486450205441145,33.0,33.24118238497017,62.0,56.029494286254625,30.23,30.305817642447337,10.0,9.359319139955947,3.0,5.309729392618834
64.0,60.928353171206034,36.0,38.38831407119589,44.0,50.6345669374847,30.0,30.244116946280506,10.0,9.883562693861439,5.0,3.660768067650158
78.0,79.15340207911674,65.0,66.4174262844082,70.0,68.86455584370549,29.83,29.930780309064332,10.0,9.549773608941031,2.0,3.9152095849388235
83.0,79.91341383830375,70.0,67.00126969416338,67.0,69.71859602847942,29.92,29.770821710375316,9.0,9.339523868307422,5.0,5.661770845549684
90.0,85.07031565928514,71.0,69.99184861401433,60.0,66.78343455429177,29.88,29.88212482410051,10.0,9.22551728848348,9.0,5.682681001307932
69.0,67.26296236376872,58.0,58.34020966708239,74.0,72.90628451907648,30.09,30.20467794784679,6.0,9.277269266823946,2.0,3.799624293065558
54.0,51.9752634165513,27.0,29.054282718597406,45.0,49.07713264194754,30.11,30.28292950448079,10.0,9.657153960780121,4.0,4.761602161813158
59.0,51.19761442657822,54.0,42.04071225051163,82.0,73.58270202687375,29.94,30.333579815516178,8.0,7.981680383265337,5.0,4.962147879762317
84.0,82.23427194866183,71.0,68.87130945874283,67.0,68.0711548813907,30.05,30.035268275784908,10.0,9.529244810219444,5.0,5.196261646134596
54.0,47.56744262122708,50.0,35.51299605625148,88.0,64.81169673231607,30.18,30.362465743762673,7.0,9.124896872335317,1.0,4.157731769624183
80.0,77.03180561387101,75.0,70.30763659860507,90.0,82.16407068846812,30.06,30.04958261602645,8.0,7.875959753157897,3.0,4.747614967025912
91.0,88.35645722516172,69.0,67.26774960884173,55.0,57.6122805640929,29.99,29.81510337883144,10.0,9.773854685921247,8.0,6.786228384097261
51.0,67.72996627866198,45.0,55.30284892258017,79.0,71.33543983758283,30.05,29.949099453823905,8.0,8.252959391535594,10.0,5.197800947928299
49.0,46.350284798267026,38.0,37.16002556499092,69.0,70.97008672249649,30.37,30.309788186854924,10.0,8.821737610575966,3.0,5.5800568747307775
46.0,50.93803484565805,32.0,37.30741963277974,62.0,64.6418567939199,30.11,29.753489561569012,10.0,8.862335937644051,6.0,5.96458757699256
80.0,81.69578247391028,69.0,69.01979455375685,76.0,68.87280637091399,29.83,29.875715815996205,9.0,9.465003144059327,1.0,4.786142573948412
72.0,66.3713735424652,46.0,46.433836528736194,46.0,55.82425931088899,30.06,30.061645408453852,10.0,9.665457868786998,2.0,4.709500511029754
41.0,53.708071516614865,30.0,44.0266908306303,75.0,76.48052823155008,29.94,29.536561207767786,10.0,7.896585518852971,8.0,7.273676202565566
51.0,48.84271411184178,40.0,34.85056705068189,68.0,60.89718649603841,30.4,30.440509344924212,10.0,9.30887213281229,4.0,3.6437116150139337
91.0,87.66820792750697,64.0,67.8153241966145,54.0,58.98275895234433,29.9,29.897460520172107,10.0,9.905487472910796,5.0,5.105010577768967
80.0,83.67921538265455,57.0,71.2013042484789,55.0,71.42282356339481,30.02,29.93394775150397,10.0,8.88840905264374,5.0,4.529036997481389
88.0,87.51782874707614,73.0,74.81050432200762,68.0,70.06699747650057,29.97,29.919823390285178,10.0,9.664833468299001,3.0,4.066456639956156
86.0,83.62714186495656,72.0,68.9126150654583,66.0,67.25626320226147,29.94,29.84923787042388,10.0,9.518295227311684,7.0,5.659030491946301
51.0,37.246392640361876,36.0,26.87980488507442,63.0,68.84318479545918,30.17,30.43722653357465,7.0,7.96400930768208,5.0,3.7837487795707005
58.0,71.72627991733272,46.0,61.00890246269209,65.0,73.14690354736115,29.96,29.686324514579773,8.0,8.695669773720727,10.0,6.079761998290926
70.0,78.87734006669518,65.0,64.08151557091328,83.0,65.76812997351288,30.0,29.904001586659227,8.0,9.466016875008137,5.0,5.535666664053182
84.0,80.75900276106334,71.0,67.34210969888257,69.0,68.19177272848316,29.93,29.89880516314296,10.0,9.417428284569787,7.0,5.61444675344158
79.0,85.99194522179371,73.0,72.8396928367575,83.0,69.686551449363,29.98,29.870483615338557,9.0,9.518017504638362,4.0,5.314077333682835
40.0,53.42502518294294,30.0,43.97717912218398,71.0,72.83240397858053,30.25,30.044088311404277,10.0,8.11632096793399,4.0,6.223986418799649
32.0,29.499438836147448,11.0,13.672570097537829,48.0,57.060879988035694,30.74,30.254501290245894,10.0,8.759560791124501,4.0,6.272386643358394
74.0,78.12503406843967,72.0,71.85862265753106,97.0,82.11346227849896,30.0,29.93130798088104,5.0,8.153262932068811,2.0,4.728323904304451
30.0,41.096295464079276,12.0,25.349336543694974,48.0,57.31087619649194,30.54,30.528876773259523,10.0,9.055908705779881,5.0,5.979505906588953
91.0,88.62059834404602,68.0,69.56283997713702,56.0,60.19997943038779,29.95,29.953854626486176,10.0,9.896633876157457,5.0,5.1376765315554636
84.0,84.24686354170777,71.0,72.58394877287508,66.0,71.35817076152088,30.02,29.932625890251177,10.0,9.522685917646239,3.0,4.4669438346963135
52.0,53.116560985632624,45.0,45.99460752999293,82.0,78.74365408806256,30.21,30.074632009799483,9.0,7.731136689588091,3.0,5.996379283979657
86.0,84.02395402664493,68.0,67.09225874142955,63.0,63.16538259815522,29.99,29.902575693084987,10.0,9.69998886528732,7.0,5.139396203137723
57.0,59.8456308067135,43.0,50.51330607529469,64.0,70.54922718823863,30.27,30.44144827820383,10.0,9.275452030769872,1.0,3.6100633315356814
89.0,85.15316067054174,72.0,69.38405416798453,62.0,66.46540324575057,29.9,29.81012714161853,9.0,9.245566127957876,6.0,5.7005459165416905
81.0,82.28755186509356,59.0,63.221334621137245,50.0,59.74560319652857,29.87,29.907101146646106,10.0,9.883974716321957,2.0,4.20515039877924
34.0,35.51800079544654,31.0,25.223409519337622,93.0,68.76303730489587,30.31,30.38178913563858,5.0,8.076938169203244,5.0,5.426913206554285
64.0,63.63431206260988,38.0,51.37213310831639,57.0,68.93743416373704,30.14,29.949380702983998,10.0,8.93716969739488,8.0,4.158031921024692
50.0,49.84300213257278,31.0,30.716577242525332,52.0,54.84413180867695,30.35,30.340894221792485,10.0,9.492995984533891,6.0,4.428499542545461
89.0,89.07977481458015,71.0,71.19401653517131,60.0,62.06163544387009,29.95,29.834361537794624,10.0,9.838709932469811,3.0,4.766914507136755
76.0,76.38123174321194,63.0,64.45228001243511,67.0,68.98500510869798,30.11,30.1481391337075,10.0,9.54143280865282,2.0,3.8458271246070668
74.0,68.26700576148495,62.0,56.991258534905555,69.0,73.08083748009136,30.12,30.152208403806405,10.0,8.23140251329879,8.0,5.649795150073539
55.0,65.30105360535327,29.0,59.00821812357886,40.0,78.43887068512294,29.92,29.70561679633391,10.0,8.844490155208728,8.0,4.793699229889446
84.0,76.29195132442713,72.0,57.110143694305506,70.0,58.85281057663839,29.81,29.64467663595988,10.0,9.520590515197329,6.0,5.7947601864695315
54.0,62.407360232869195,48.0,51.29174864437023,83.0,69.05084317246035,30.33,30.26117795809293,10.0,9.168161949017364,4.0,5.333789506383071
90.0,87.17976424999112,70.0,68.94666235511137,59.0,61.521362892058804,30.06,29.89491073591089,10.0,9.766231161260233,3.0,5.572860319015787
85.0,85.49296715993532,60.0,66.70641798292515,50.0,60.49411621865868,29.95,29.956154103484995,10.0,9.887310136356675,4.0,4.683818693143485
75.0,71.64529007367172,55.0,55.25451226475697,52.0,62.732688263465576,29.67,29.751513336799867,10.0,9.575137614202259,5.0,3.700395267835064
70.0,78.93352084023442,69.0,70.71489178590342,89.0,77.08285769614915,30.08,29.95295321515037,7.0,8.893748890505822,6.0,4.969263217170835
87.0,88.74598982256761,67.0,69.39490981681011,58.0,59.87608469236502,29.93,29.92637023758257,10.0,9.995851509434761,4.0,4.2957697233061864
69.0,66.84409907664728,56.0,53.58866621585493,69.0,66.3674773095119,29.97,29.991172453494723,10.0,9.241820130640862,4.0,5.359032192285069
66.0,66.09324307032033,56.0,59.52887859513329,75.0,80.16576048246613,29.9,29.97492235752274,10.0,8.01486473209846,4.0,4.509814302577283
80.0,81.36303443692952,71.0,68.91425992775079,77.0,70.26752053974141,29.95,29.850975245032696,10.0,9.407440417405176,3.0,5.260506690417359
83.0,81.22753388098153,70.0,67.12807666420044,67.0,68.03896704517399,29.88,29.775910825670298,10.0,9.37858063005896,7.0,6.067262459615284
61.0,54.15296416367257,48.0,39.120380396037106,64.0,60.88666604519434,30.09,30.410151687751682,10.0,9.48669812776742,5.0,3.327398203066352
47.0,53.99128920220318,29.0,41.6699417641029,56.0,64.31917503601211,30.32,30.113992957241518,10.0,8.98551216578253,2.0,5.492574727463923
88.0,88.00003061406987,69.0,67.09063661750046,62.0,57.96388059359607,29.94,29.8425159856808,10.0,9.816889771301904,6.0,6.369286230223202
84.0,82.76352648369036,72.0,71.05300157332785,75.0,70.97186130490175,29.93,29.927799408882926,10.0,9.45503874778851,2.0,4.854792804939956
79.0,74.17909918730554,71.0,65.46122093992189,79.0,79.89085195300026,29.82,29.865002442562158,7.0,7.404897285239461,9.0,5.977266308493693
63.0,67.72030409974398,51.0,58.92738268145506,58.0,75.30929104658898,29.99,29.888271599605822,10.0,8.655302471535146,5.0,5.626225609486584
91.0,88.6282608869802,70.0,70.11589107998095,58.0,61.91713517853174,30.03,29.89455213574891,10.0,9.765003336292276,6.0,6.040300344983377
77.0,77.42155812977823,58.0,56.324511098786374,54.0,54.32435862637142,30.02,30.08375167642481,10.0,9.970495412957655,3.0,3.9702289812048246
92.0,79.950266099172,0.0,44.88120406033558,77.0,63.45760625441655,29.93,29.615794312499997,0.0,7.4908251212489105,6.0,5.608393708064142
82.0,84.6517512832271,59.0,67.78617675199565,54.0,62.85713185319426,29.93,29.99985400273266,10.0,9.873251863772712,3.0,3.8625493290570785
72.0,61.973585938326764,66.0,52.875589901147194,85.0,74.30084571452592,30.02,30.246434367601193,9.0,7.925710388497642,7.0,3.453341543531474
83.0,79.12754039132186,74.0,72.93437188946662,75.0,80.345062500187,30.05,29.98104953823013,9.0,8.890885860642916,4.0,4.198524722104683
64.0,62.65623196368979,55.0,57.234816556701205,72.0,82.73872473581815,30.29,30.206368782478155,10.0,7.530552659677291,3.0,5.81194410094688
67.0,53.06181639735883,37.0,37.889007223429886,51.0,61.67493757076518,29.93,30.041995023785184,10.0,9.258948503619083,6.0,4.216473647466373
87.0,84.27903088436433,73.0,70.12163091513371,70.0,68.838781560233,29.93,29.858474012347997,10.0,9.165206310292533,6.0,5.733444866848567
61.0,63.420728902664635,43.0,50.44659853485,59.0,66.8631969739459,30.07,30.08320622622226,10.0,9.311290393400999,3.0,4.4859578394364075
85.0,81.0258517869599,68.0,64.3555454577933,62.0,63.05960649299221,29.89,29.80711699332781,10.0,9.513074199787045,7.0,5.935377141253522
68.0,59.76724203584619,57.0,38.53925487347199,74.0,52.428409131812295,30.01,30.08828944705211,5.0,9.64333324857293,5.0,4.526485912632072
51.0,67.04402558148522,32.0,53.37256015803213,50.0,66.40319227213985,30.2,29.92386928123287,10.0,9.340347674539412,10.0,4.541825115082656
71.0,72.77129354635039,63.0,63.146068597782985,72.0,76.27152479753735,29.98,30.134846737501086,9.0,8.038291127025907,4.0,4.116878356468222
83.0,81.14613886165347,70.0,65.89897640289088,67.0,65.80994922168335,29.96,29.804352017958482,10.0,9.444330334981487,6.0,6.0075224144224695
72.0,65.01494914704374,53.0,45.30579928477532,59.0,56.32518341077246,30.01,30.11150073173046,10.0,9.61214059787763,10.0,5.126609667570744
32.0,54.44828464315006,12.0,47.25877242827161,48.0,76.22933662747234,30.49,29.868109757635604,10.0,7.339245999123403,12.0,5.50080320177863
62.0,62.051581063783416,53.0,50.00196600165107,73.0,67.00764644462764,30.18,30.31571415655582,10.0,9.36356650311635,4.0,4.007388723267994
43.0,42.04300872098152,36.0,31.127219966277764,74.0,69.1386374029112,30.09,29.861536868955408,8.0,8.650565282448072,3.0,5.957665074256504
84.0,84.0421309744903,70.0,69.04811960499377,69.0,66.22475813445702,29.86,29.87348787007729,10.0,9.585461663564306,6.0,5.204883379252417
81.0,79.25372883593828,72.0,65.48091066739225,75.0,69.44120061039393,29.94,29.895265750564423,8.0,8.660223145556746,5.0,6.544367137137575
56.0,52.829168059896546,20.0,39.37079645403712,37.0,64.27535212580622,30.34,30.257271604611116,10.0,9.292849778451949,8.0,3.834616538790219
76.0,80.90112890491378,58.0,67.98777197292172,57.0,68.55721705086204,30.09,30.03131636251954,10.0,9.52936183566992,3.0,4.764805897372055
76.0,77.41439935819515,62.0,64.81934968298863,69.0,70.84768970809654,30.12,30.160636045277773,10.0,8.899249709537546,2.0,4.424870500358866
50.0,49.019828075224936,47.0,39.22555553135261,86.0,68.41279797913538,30.05,30.334875031316084,5.0,9.057698621755609,3.0,3.830920245150155
78.0,77.7926061163174,73.0,70.53192556816525,87.0,79.65891883591681,29.97,29.878815068200748,9.0,8.468884373334642,2.0,5.057325773482161
77.0,74.98374666634452,60.0,63.55174162015085,61.0,70.14827276619144,30.04,30.063028454903264,10.0,9.423627963237099,1.0,4.28882268786632
87.0,86.04585214719482,73.0,73.4832365354006,70.0,69.15709908557159,29.93,29.97316219762459,10.0,9.689643051104438,2.0,3.5776459314688296
82.0,82.12277137853914,72.0,68.62469112520701,74.0,67.19112012563252,30.08,30.059242895236334,8.0,9.535502509225534,2.0,5.158036005293647
81.0,76.19363755664718,74.0,66.77239527307161,83.0,76.37181397609666,29.85,29.82573758641857,7.0,8.40855704344968,5.0,6.23837160620292
78.0,76.65177707214954,61.0,66.70999973875071,64.0,74.6532050692465,29.85,29.822993768478472,10.0,8.565337403381132,3.0,4.922100681484695
92.0,84.42105191112924,68.0,-22.20968596536334,43.0,22.448060051081008,29.95,0.45817949423764603,10.0,1.0961836258272486,3.0,6.359385892452279
62.0,54.062794472670134,52.0,49.74425232319136,79.0,82.31404931237887,29.83,30.090522728679467,10.0,8.069199521971205,3.0,4.780442117774383
78.0,75.31132653145826,68.0,68.26454407713886,76.0,80.34830611897652,29.99,29.960312260237536,9.0,8.163659651926867,2.0,4.644073402549853
85.0,82.52459322803861,72.0,69.02194741592861,70.0,68.37020035828778,29.84,29.745072977698257,10.0,9.388267303656455,7.0,5.6536590703602725
83.0,75.32869812385194,67.0,61.5923456671179,63.0,68.2756405922126,29.77,29.75309717281857,9.0,9.316898065076737,10.0,5.5764889366653865
86.0,85.18294019104454,73.0,70.982228456268,67.0,67.81662153483899,30.06,29.938662339468454,10.0,9.288403963543104,4.0,4.852202461048966
75.0,72.95041837418616,67.0,61.21248489149461,79.0,72.05159901339482,29.89,29.878416765788867,7.0,8.548477482464069,7.0,5.670604089568341
85.0,83.98333407093911,66.0,66.67193090848293,59.0,63.172145877729854,30.0,29.867894452518644,10.0,9.623393521228717,6.0,5.998047244802809
73.0,73.9211782525383,59.0,62.214908318408064,72.0,68.73315779204702,30.1,30.111948132224523,10.0,9.430867578864913,2.0,4.219162499962227
70.0,77.5703427164049,43.0,61.238416857302795,43.0,64.91667170432072,30.03,29.696943904304614,10.0,9.036025659226915,8.0,6.411244945773191
56.0,53.741679503714764,51.0,36.94117827548983,80.0,57.58064762769105,30.04,30.36087005982547,5.0,9.367872566033022,4.0,4.92542991169647
54.0,49.98756710150342,42.0,35.742464974135444,68.0,60.96195422343406,30.11,30.489729799078255,10.0,9.453160565625353,4.0,2.8264822659933726
74.0,70.79790357858722,59.0,52.153476311069895,67.0,59.289368381368384,30.03,29.84107873092421,10.0,9.40319305424477,8.0,6.5628473597682015
67.0,62.97772594062549,54.0,37.80871928511647,68.0,46.899155427068216,30.16,30.159519208665394,10.0,9.885747491790873,9.0,4.883112312383811
34.0,34.567045883232694,29.0,27.685693466404743,84.0,76.3387200278158,30.24,30.389244375645625,8.0,7.479586484409964,4.0,6.4887018956232
65.0,67.06189030570184,60.0,57.54440662188712,83.0,75.3697088278918,30.04,29.958978950567698,8.0,8.339421017353432,4.0,6.084917193493065
84.0,78.76501535505777,71.0,64.29097469903873,72.0,67.692639088683,29.75,29.7661662531964,8.0,8.76866916682938,10.0,5.22923916605545
39.0,44.0605240871725,29.0,37.98212233514279,70.0,78.59863792556632,30.48,30.383642578820883,10.0,7.359163999478223,8.0,5.424056535521516
83.0,82.40639680908832,70.0,67.59648341050523,69.0,67.10087846529217,30.1,29.984337812096314,10.0,9.21621701957649,5.0,5.651413456911721
61.0,58.12967277427962,44.0,43.964414893805255,59.0,63.12453849916329,29.94,30.086161729772865,10.0,9.329885174614796,3.0,3.8780223086988066
84.0,83.61184446793158,73.0,70.68915297484183,75.0,69.29368548030254,30.04,29.99493483285528,10.0,9.468945689473774,2.0,5.673931530295867
76.0,74.8055941357687,68.0,63.07683670443363,78.0,72.09350724125524,30.09,29.93448706440403,9.0,8.593677164895587,4.0,5.690731818655154
76.0,74.26176437340634,62.0,55.85575045504784,66.0,61.10724767559688,29.81,29.77586041921861,10.0,9.473333200968915,9.0,6.260325851061807
71.0,74.3949702110566,55.0,63.36710780175683,61.0,71.9033212355584,30.03,30.045475266140198,9.0,9.10357215986435,3.0,3.944042820150049
55.0,52.69619943288481,51.0,43.6295205851915,92.0,72.49608929863486,30.1,30.190394914964006,4.0,8.313282749707342,3.0,4.494313113436725
84.0,82.34725830460353,72.0,69.78529092965816,73.0,69.60766976527728,29.96,29.92084094783101,10.0,9.53766833050991,3.0,4.400601970210772
82.0,78.8482714709323,75.0,66.75756959104216,81.0,70.69737796157783,29.96,29.782785743071013,8.0,9.1918205654726,6.0,6.502689968704562
78.0,73.40702860056703,65.0,60.95763151161289,71.0,71.39006632618795,29.96,29.867494953565835,10.0,8.548652284256558,8.0,6.095325022314605
78.0,75.55999860950945,63.0,63.32211897248534,66.0,72.15676434718378,29.85,29.89771191343008,10.0,8.373832768867139,2.0,4.8995166142471005
73.0,72.87947279836197,47.0,49.33616112960745,45.0,51.35990671670565,29.95,29.887014075283314,10.0,9.978784289216012,2.0,3.8891753528547968
69.0,72.0415914005125,41.0,55.73660223742122,49.0,64.01996064394132,29.88,29.868221622438938,10.0,8.947447850912258,5.0,3.7884302934989345
83.0,83.99562730359992,74.0,73.00947407535337,78.0,74.55140861479667,29.97,29.979291351259857,6.0,8.541754883547537,3.0,4.211352671388589
54.0,43.870222564205775,32.0,29.018282834468422,50.0,59.31376571597526,30.38,30.63564128203251,10.0,9.320016474394345,2.0,3.9597163204957675
77.0,79.46187993127243,51.0,60.06134098736415,49.0,59.18527638088014,30.02,29.94944724846682,10.0,9.791469553640924,4.0,4.999911664296915
64.0,70.97421499204792,51.0,57.25268984770214,68.0,66.95723223916133,30.07,29.80612449912341,10.0,9.218590467509497,7.0,5.882472490622458
86.0,83.30749004768197,76.0,70.11158013848204,74.0,69.6571836600445,30.0,29.92811276244125,10.0,9.119563469719349,6.0,5.717921315047537
88.0,87.19878725106142,66.0,69.70339287089546,55.0,62.7149297058929,30.01,29.893773533881276,10.0,9.727057374058218,2.0,5.59882445371273
76.0,69.88336797707679,61.0,57.30952380732795,64.0,72.20898097758074,29.79,29.755129695765103,8.0,8.09045931218402,5.0,6.540778961792253
63.0,64.10293657168923,33.0,44.53997732542031,35.0,56.285767966057904,30.2,29.990330133832757,10.0,9.632681254044494,6.0,4.272463624995608
73.0,76.3826817351405,59.0,62.6153853050957,64.0,66.43795597666613,30.12,30.1045826435137,10.0,9.62723135304974,2.0,3.803951994648012
62.0,64.04630632045188,50.0,55.13641450923693,66.0,74.36925664749913,29.74,29.827037126828447,9.0,9.062105654711834,1.0,4.269605494643871
66.0,67.1112332832447,49.0,53.87464910660522,61.0,68.5579904867609,30.1,30.034674072567945,10.0,8.737258138281202,6.0,4.232047305756304
68.0,69.83782974895439,64.0,61.56791602720914,86.0,76.76669230700276,29.95,29.984810589111714,6.0,8.40116283144412,3.0,5.2880582861716166
76.0,73.80487771728717,62.0,60.83084727993922,67.0,70.87945064241417,29.98,29.80408350547548,8.0,8.515641618613095,7.0,6.521199633805543
84.0,80.28565786935367,72.0,66.7833706443982,72.0,68.16396635528838,29.87,29.749731387085802,10.0,9.404537564954463,5.0,5.1974598685155655
82.0,84.33516205735,73.0,74.61541990117139,73.0,73.74304036007973,30.0,30.014192991818454,9.0,9.533800936022342,2.0,3.654617653335362
73.0,71.41816643274089,64.0,61.78330189294307,72.0,71.7941811521639,30.08,30.246077385417333,9.0,9.429418789210967,3.0,3.4013891870698787
65.0,67.50281362203202,55.0,56.25984940765589,75.0,70.77053674105764,30.18,30.237626963141043,10.0,8.657320053645437,2.0,4.669571635048361
71.0,67.98293812652213,51.0,52.00415763272288,57.0,62.69702819159994,30.04,30.056965937556786,10.0,9.5265215935187,5.0,4.467239487700808
84.0,83.9598477254906,74.0,72.18220401132213,77.0,71.72976759210034,30.01,29.95429229694546,10.0,9.19646474559057,5.0,4.50084748308643
82.0,80.75190065353033,65.0,66.62619952829807,62.0,67.50693291854677,29.86,29.787969839922944,10.0,9.417579615468483,6.0,5.616577392172077
68.0,62.3147756777805,59.0,46.88986815864688,72.0,62.40266854381876,30.12,30.205188910081155,10.0,9.37704946464767,6.0,5.200496062539104
77.0,74.67635052386164,73.0,70.20366139916611,90.0,86.79106856340167,30.02,30.05835325958005,6.0,7.444803231532404,3.0,4.4403167766851475
74.0,76.32030971688273,58.0,62.1430155595702,62.0,65.40250496700958,29.98,30.13188663377227,10.0,9.653807270770255,4.0,3.77017608415214
50.0,46.22218616997401,36.0,37.28959144240416,62.0,72.38406913358276,30.2,30.26426127261766,10.0,8.158265459211915,4.0,5.247775966941506
66.0,71.24145618468165,63.0,62.45066540642405,82.0,76.10945210312785,29.87,29.928452583630225,8.0,8.472224871323608,4.0,4.876519541793654
34.0,31.318459313258103,12.0,11.538739486946085,42.0,51.513025178160696,30.68,30.369574264240995,10.0,8.956798822804718,5.0,7.031475608039087
71.0,68.24258711344744,65.0,59.33045367686391,82.0,80.30160318375064,29.75,29.70994350107356,8.0,6.8538838523491314,4.0,6.80162603548953
75.0,75.45323853493588,62.0,64.07140776912256,69.0,70.1742794392001,30.2,30.19243812493635,10.0,9.43137178336381,6.0,4.708050936428235
88.0,84.08275093019614,72.0,69.46844743794038,62.0,66.21799485488239,29.91,29.90816911064363,10.0,9.662057007622911,6.0,4.346232337587332
85.0,83.22764414508904,71.0,70.96275470087365,69.0,69.78493998319891,29.92,29.955378779343484,10.0,9.542523402755554,2.0,4.405095422591151
85.0,81.16428001560837,72.0,65.35057942173619,68.0,65.66579549782487,29.96,29.82216041325946,9.0,9.400920458358835,9.0,6.86501977734288
75.0,70.59966264582515,62.0,51.66564756444042,69.0,57.61881477665901,29.9,30.106782552859958,10.0,9.731118757398342,6.0,4.377840266039994
87.0,84.78762019773143,71.0,67.80163575309969,63.0,63.492234448247096,29.9,29.76145417105549,10.0,9.571902078339654,8.0,6.013780512289413
60.0,60.434606478643325,54.0,41.31747403151955,74.0,55.718420309044916,30.1,30.26545954618903,6.0,9.653360938325346,1.0,4.172734302491935
69.0,68.8445427951535,63.0,60.146329585281066,86.0,77.69193637217174,29.88,30.02011828673349,9.0,8.10216125506128,2.0,5.352299080641728
87.0,85.98207825888862,72.0,70.32421342465928,67.0,65.94953490386928,29.89,29.86739253922251,9.0,9.653283635214525,6.0,5.241755341755036
62.0,60.02718190430496,57.0,52.40178612377851,85.0,73.9715475956692,30.18,30.293324129116773,7.0,8.839265879103012,5.0,3.304772499293782
63.0,65.74700202831858,52.0,53.98294725102285,74.0,69.27548821918633,29.85,29.907810910896238,8.0,9.259543675841556,2.0,4.163418317531949
66.0,65.12601670083828,44.0,43.221081166396786,54.0,52.943712836634,30.08,30.132768271858605,10.0,9.831032332366558,5.0,4.216974319570873
57.0,56.76852892744843,52.0,35.53385097431787,72.0,52.4517711453041,30.33,30.42635238654416,6.0,9.693268242681713,4.0,4.898713349311169
59.0,62.11796181849897,36.0,41.60784808233866,52.0,56.68269509241526,30.15,30.015901648758042,10.0,9.25806625022477,2.0,5.163920914067662
67.0,64.35964066829865,54.0,52.96381412115544,59.0,68.62622079224732,29.57,29.70876143337474,9.0,9.037127858952536,3.0,4.952574155926563
65.0,56.95317267468246,51.0,35.02157466441814,70.0,50.15992506895048,30.16,30.288258569730445,10.0,9.70819312320014,3.0,4.407416546542331
61.0,51.72929390450672,50.0,45.35531909182977,71.0,79.97099243106334,29.9,30.15547221289589,5.0,7.198570683262247,2.0,4.352587906316298
69.0,70.8399750048951,46.0,57.40004473818475,48.0,67.86518719662905,29.97,29.902066269171875,10.0,8.601861121681681,4.0,5.518734763951897
84.0,82.7423425659516,69.0,67.85893745647083,64.0,66.04487734594615,29.92,29.96517374684463,10.0,9.639772464543913,3.0,4.752023951043413
46.0,50.35611321735139,36.0,35.873937614274,68.0,61.648069232696784,30.28,30.351171696343812,10.0,9.294086969744049,3.0,4.14145478111814
82.0,84.55003066940459,71.0,71.00484841419537,68.0,69.14122633847326,30.06,29.829658292729317,9.0,9.460394754517832,6.0,5.710858761543358
82.0,81.89355592330949,70.0,67.36117803179214,70.0,67.23298759646104,29.98,29.881094930292186,10.0,9.195875329968278,6.0,5.224373432550877
75.0,81.88195335065207,51.0,67.71886460707289,44.0,68.94114484367442,30.06,29.72347190943457,10.0,9.038510292660035,7.0,6.138204064158294
79.0,84.23340625506012,45.0,66.03582855288532,45.0,63.218859140503525,29.96,29.696524549981373,10.0,9.326930310247878,5.0,5.642892788044074
72.0,69.93815466549671,62.0,61.88906486716898,73.0,75.49236436930968,29.89,29.963368842987826,8.0,9.095177610709293,5.0,4.768445240130229
77.0,68.90536268135894,66.0,61.08092620951068,69.0,77.33994733587976,29.76,29.720035955425075,10.0,8.813152269923656,7.0,6.528654682150148
71.0,62.90594232362848,64.0,56.675112572441904,87.0,82.28211009525243,30.16,30.20596372326272,8.0,7.288552603465606,2.0,5.421970779853003
38.0,37.05252848249596,17.0,16.76596469157984,44.0,50.62775128467343,30.4,30.483306953589373,10.0,9.281229427055408,3.0,5.387828175025906
69.0,62.49342166029719,64.0,57.197617467820905,82.0,85.08764279596369,30.08,30.209705690676408,8.0,6.654406868483232,5.0,4.700920219595792
74.0,69.10704184526439,62.0,62.67044946621,71.0,80.20091753277637,30.07,30.059099587499738,10.0,7.940411537087776,3.0,5.798854858330835
73.0,69.50397400191893,60.0,53.05225607371612,70.0,60.60216005552524,29.85,30.013995251204385,9.0,9.536031218199337,7.0,4.407509158599915
51.0,51.18042483321105,38.0,39.63883625035008,64.0,67.6931224881149,30.29,30.35268571875173,10.0,8.822365891601374,3.0,4.329745837316281
85.0,80.12709648466131,69.0,63.923174040186936,64.0,67.41799797446185,29.74,29.595441901693754,10.0,8.616975434387218,9.0,7.414991232265756
76.0,73.78547262729803,65.0,62.57151656923226,67.0,75.98950963236754,29.86,29.92264007444882,8.0,7.601633359545149,4.0,5.468872843807999
84.0,84.79755181840837,73.0,74.41917587955864,73.0,73.08420722315202,30.0,30.03276733863153,10.0,9.54169608704775,3.0,4.0759765406277735
74.0,68.7539920229654,64.0,52.39317353493793,79.0,60.81059519095294,30.13,30.224768173682673,10.0,9.605116099159817,5.0,4.39521566454584
34.0,44.46513090496285,25.0,33.78396016017069,72.0,69.04797217067949,30.38,30.12435566102529,8.0,8.810716146756551,7.0,5.538337013313422
57.0,53.63609933239994,57.0,41.815102923284954,85.0,65.9597212156379,30.08,30.313509651515783,8.0,9.225614975299651,3.0,3.8528126197235326
48.0,52.59028601695927,24.0,33.88567386828167,48.0,55.04304922348855,30.35,30.318702797305935,10.0,9.581044337105064,5.0,3.6112799096168215
67.0,66.15833203185805,58.0,54.429579622775705,77.0,72.7189229932994,29.87,30.04165042923184,8.0,7.936728333768901,5.0,4.807050666442255
79.0,76.11812890621516,67.0,66.53991076453401,69.0,74.13223337363013,30.09,30.07158317364479,10.0,8.966480445264649,4.0,4.84896244435774
68.0,68.54794261853777,58.0,58.73533583399562,75.0,72.39772609727873,29.98,29.962828535811298,5.0,9.212815997765817,3.0,4.25909708727686
42.0,40.05067365487317,40.0,35.593382054092885,95.0,83.41151722084032,30.28,30.333435523101276,5.0,6.543473466297776,4.0,5.5721431524782545
68.0,55.817574562687426,56.0,44.57090206103871,72.0,69.65130397795991,29.9,30.105210735723247,10.0,8.398111234927821,6.0,4.910778549161448
78.0,81.43154340525743,50.0,61.522697408991476,45.0,58.56097742086416,29.97,29.98260958234544,10.0,9.55960035205925,5.0,4.607640701805611
71.0,68.67091762081223,53.0,49.13530891809971,56.0,57.039384341923096,29.76,29.848059083109312,10.0,9.642591139452346,6.0,4.365479581700155
65.0,72.60169824645384,45.0,56.804699299299486,50.0,62.18599436985502,30.23,30.008056230733363,10.0,9.408846897886352,3.0,5.752816989187027
44.0,41.39300139187517,39.0,23.635982254160922,72.0,54.111074009026005,30.14,30.48469685184891,5.0,9.421884760278624,4.0,3.392924754830357
50.0,51.88030302402308,48.0,45.83666545239309,95.0,78.80124358326299,29.85,29.99368525447547,5.0,7.994367491345397,3.0,5.507506831451534
57.0,67.17499135709183,56.0,60.39121762423646,97.0,78.9508447905639,30.16,30.068905009141474,6.0,8.319082597760438,6.0,5.295193101375205
78.0,78.21159725963471,68.0,68.48045508785866,75.0,72.74773258037712,29.95,30.0303235542221,10.0,9.405044265110668,4.0,3.9584491183447845
68.0,62.737221009617585,62.0,50.64404763396611,81.0,67.47641679722207,29.86,30.023782468538656,5.0,9.176559751289673,4.0,4.894133529343861
66.0,71.08563671858303,33.0,42.20196418910221,32.0,45.767578621863414,30.08,29.645128215521176,10.0,10.002651864627168,6.0,5.520431365487079
73.0,70.13908470087766,49.0,49.94859850737545,50.0,56.23392668489424,29.64,29.873686872531245,10.0,9.754558996000704,5.0,3.949425113123669
71.0,74.2398350059227,65.0,64.44112151851921,81.0,74.07952694465303,29.92,29.897528238885208,8.0,8.890399365901457,4.0,4.842282897086333
80.0,78.6328193532108,66.0,63.59971724995087,64.0,65.78953631434189,29.83,29.835105433520734,10.0,9.590255445455956,5.0,4.284662474655499
85.0,84.36304203370435,70.0,67.09354365796396,64.0,62.80568391781455,29.91,29.786674609127317,10.0,9.633792732207908,6.0,5.566424493373335
84.0,82.0101899129593,69.0,71.46822440301385,70.0,74.66518087072882,29.97,30.038437436606802,10.0,8.807499641943917,3.0,4.577770224088354
73.0,74.1332954542782,62.0,64.36089673263523,70.0,73.5647652199981,30.11,30.059222147819852,10.0,9.242670333536948,2.0,5.213027908516201
64.0,60.920389591624115,60.0,44.8298605214667,86.0,61.649707065879994,29.72,29.81427715989425,10.0,9.382277282353606,4.0,3.932614455586401
64.0,59.27519318537872,54.0,49.60544641748983,73.0,71.18332885148402,30.01,30.04407083540321,7.0,9.100890794635148,4.0,4.086579349536617
69.0,59.63186800824296,54.0,51.83568594138124,62.0,77.77118577963856,29.97,29.910717906939084,10.0,8.03997704482504,6.0,6.885880857864803
51.0,46.718294002584926,38.0,31.117648729442536,64.0,58.52151006351899,30.27,30.558433541000408,10.0,9.46171984401459,3.0,3.147923377898028
65.0,62.3244514535736,57.0,54.795449815957525,78.0,77.88938453590012,30.23,30.180999461411393,10.0,7.99854356966145,5.0,5.231487340883568
76.0,75.99302203877951,68.0,61.97122013636313,69.0,70.99436788477594,29.89,29.751862072482535,5.0,7.913135980837588,5.0,6.629173935672142
41.0,56.900212254168586,27.0,39.785219177074524,54.0,57.88205419984567,30.58,30.43485648157381,10.0,9.645863805438955,9.0,3.30218875694343
84.0,82.09082323195588,70.0,67.56834637238815,66.0,67.02357029935459,29.89,29.821417912224415,10.0,9.425182939250924,7.0,6.044671095480768
55.0,65.56459777351328,33.0,46.978755521089894,45.0,59.03131569746051,30.02,29.688088567768716,10.0,9.542203907424703,4.0,3.9712840605023105
52.0,57.43351071412228,37.0,44.89868663730745,61.0,66.23063396634299,30.38,30.202351828966368,10.0,9.28674692435654,1.0,3.9435104938301557
72.0,79.29254837230222,70.0,60.69835749988853,87.0,62.049685878142625,29.84,29.616274725397542,5.0,9.065384133932442,7.0,7.234655673698671
72.0,72.22282209312753,58.0,59.857445229683904,65.0,67.70051201808856,30.02,30.11419918172642,10.0,9.536505855495516,2.0,3.3368449649976286
86.0,86.02679335223407,64.0,70.22224817489759,56.0,64.76000301157723,30.01,30.021195617962874,10.0,9.799934163406817,4.0,4.343691983577604
82.0,79.80341418751892,73.0,69.74649291027966,82.0,76.85664327437351,29.95,29.82341704699709,10.0,8.253248631945452,4.0,5.503168408289898
76.0,74.30607770203706,62.0,60.33735430569156,71.0,69.78246023677652,29.84,29.947354264103236,10.0,7.739940061430778,6.0,5.295332836281334
